APGIII_FAMILY,APGIII_ORDER,APGIII_NUMBER,GROUP
Acanthaceae,Lamiales,APGIII_378,Angiosperms
Achariaceae,Malpighiales,APGIII_204,Angiosperms
Achatocarpaceae,Caryophyllales,APGIII_297,Angiosperms
Acoraceae,Acorales,APGIII_029,Angiosperms
Actinidiaceae,Ericales,APGIII_340,Angiosperms
Adoxaceae,Dipsacales,APGIII_405,Angiosperms
Aextoxicaceae,Berberidopsidales,APGIII_274,Angiosperms
Aizoaceae,Caryophyllales,APGIII_304,Angiosperms
Akaniaceae,Brassicales,APGIII_257,Angiosperms
Alismataceae,Alismatales,APGIII_032,Angiosperms
Alseuosmiaceae,Asterales,APGIII_394,Angiosperms
Alstroemeriaceae,Liliales,APGIII_055,Angiosperms
Altingiaceae,Saxifragales,APGIII_127,Angiosperms
Alzateaceae,Myrtales,APGIII_225,Angiosperms
Amaranthaceae,Caryophyllales,APGIII_298,Angiosperms
Amaryllidaceae,Asparagales,APGIII_074,Angiosperms
Amborellaceae,Amborellales,APGIII_001,Angiosperms
Anacampserotaceae,Caryophyllales,APGIII_315,Angiosperms
Anacardiaceae,Sapindales,APGIII_239,Angiosperms
Anarthriaceae,Poales,APGIII_100,Angiosperms
Ancistrocladaceae,Caryophyllales,APGIII_291,Angiosperms
Anisophylleaceae,Cucurbitales,APGIII_164,Angiosperms
Annonaceae,Magnoliales,APGIII_021,Angiosperms
Aphanopetalaceae,Saxifragales,APGIII_135,Angiosperms
Aphloiaceae,Crossosomatales,APGIII_227,Angiosperms
Apiaceae,Apiales,APGIII_413,Angiosperms
Apocynaceae,Gentianales,APGIII_354,Angiosperms
Apodanthaceae,Cucurbitales,APGIII_163,Angiosperms
Aponogetonaceae,Alismatales,APGIII_036,Angiosperms
Aquifoliaceae,Aquifoliales,APGIII_389,Angiosperms
Araceae,Alismatales,APGIII_030,Angiosperms
Araliaceae,Apiales,APGIII_411,Angiosperms
Arecaceae,Arecales,APGIII_076,Angiosperms
Argophyllaceae,Asterales,APGIII_396,Angiosperms
Aristolochiaceae,Piperales,APGIII_015,Angiosperms
Asparagaceae,Asparagales,APGIII_075,Angiosperms
Asteliaceae,Asparagales,APGIII_065,Angiosperms
Asteraceae,Asterales,APGIII_400,Angiosperms
Asteropeiaceae,Caryophyllales,APGIII_295,Angiosperms
Atherospermataceae,Laurales,APGIII_025,Angiosperms
Austrobaileyaceae,Austrobaileyales,APGIII_005,Angiosperms
Balanopaceae,Malpighiales,APGIII_192,Angiosperms
Balanophoraceae,Santalales,APGIII_276,Angiosperms
Balsaminaceae,Ericales,APGIII_323,Angiosperms
Barbeuiaceae,Caryophyllales,APGIII_302,Angiosperms
Barbeyaceae,Rosales,APGIII_148,Angiosperms
Basellaceae,Caryophyllales,APGIII_311,Angiosperms
Bataceae,Brassicales,APGIII_264,Angiosperms
Begoniaceae,Cucurbitales,APGIII_170,Angiosperms
Berberidaceae,Ranunculales,APGIII_113,Angiosperms
Berberidopsidaceae,Berberidopsidales,APGIII_275,Angiosperms
Betulaceae,Fagales,APGIII_162,Angiosperms
Biebersteiniaceae,Sapindales,APGIII_235,Angiosperms
Bignoniaceae,Lamiales,APGIII_379,Angiosperms
Bixaceae,Malvales,APGIII_253,Angiosperms
Blandfordiaceae,Asparagales,APGIII_064,Angiosperms
Bonnetiaceae,Malpighiales,APGIII_212,Angiosperms
Boraginaceae,Boraginales,APGIII_356,Angiosperms
Boryaceae,Asparagales,APGIII_063,Angiosperms
Brassicaceae,Brassicales,APGIII_273,Angiosperms
Bromeliaceae,Poales,APGIII_092,Angiosperms
Brunelliaceae,Oxalidales,APGIII_179,Angiosperms
Bruniaceae,Bruniales,APGIII_403,Angiosperms
Burmanniaceae,Dioscoreales,APGIII_045,Angiosperms
Burseraceae,Sapindales,APGIII_238,Angiosperms
Butomaceae,Alismatales,APGIII_033,Angiosperms
Buxaceae,Buxales,APGIII_121,Angiosperms
Byblidaceae,Lamiales,APGIII_383,Angiosperms
Cabombaceae,Nymphaeales,APGIII_003,Angiosperms
Cactaceae,Caryophyllales,APGIII_316,Angiosperms
Calceolariaceae,Lamiales,APGIII_366,Angiosperms
Calophyllaceae,Malpighiales,APGIII_210,Angiosperms
Calycanthaceae,Laurales,APGIII_022,Angiosperms
Calyceraceae,Asterales,APGIII_399,Angiosperms
Campanulaceae,Asterales,APGIII_391,Angiosperms
Campynemataceae,Liliales,APGIII_052,Angiosperms
Canellaceae,Canellales,APGIII_009,Angiosperms
Cannabaceae,Rosales,APGIII_153,Angiosperms
Cannaceae,Zingiberales,APGIII_086,Angiosperms
Capparaceae,Brassicales,APGIII_271,Angiosperms
Caprifoliaceae,Dipsacales,APGIII_406,Angiosperms
Cardiopteridaceae,Aquifoliales,APGIII_386,Angiosperms
Caricaceae,Brassicales,APGIII_260,Angiosperms
Carlemanniaceae,Lamiales,APGIII_363,Angiosperms
Caryocaraceae,Malpighiales,APGIII_205,Angiosperms
Caryophyllaceae,Caryophyllales,APGIII_296,Angiosperms
Casuarinaceae,Fagales,APGIII_160,Angiosperms
Celastraceae,Celastrales,APGIII_172,Angiosperms
Centrolepidaceae,Poales,APGIII_101,Angiosperms
Centroplacaceae,Malpighiales,APGIII_185,Angiosperms
Cephalotaceae,Oxalidales,APGIII_178,Angiosperms
Ceratophyllaceae,Ceratophyllales,APGIII_107,Angiosperms
Cercidiphyllaceae,Saxifragales,APGIII_129,Angiosperms
Chloranthaceae,Chloranthales,APGIII_008,Angiosperms
Chrysobalanaceae,Malpighiales,APGIII_196,Angiosperms
Circaeasteraceae,Ranunculales,APGIII_110,Angiosperms
Cistaceae,Malvales,APGIII_255,Angiosperms
Cleomaceae,Brassicales,APGIII_272,Angiosperms
Clethraceae,Ericales,APGIII_341,Angiosperms
Clusiaceae,Malpighiales,APGIII_211,Angiosperms
Colchicaceae,Liliales,APGIII_056,Angiosperms
Columelliaceae,Bruniales,APGIII_402,Angiosperms
Combretaceae,Myrtales,APGIII_218,Angiosperms
Commelinaceae,Commelinales,APGIII_078,Angiosperms
Connaraceae,Oxalidales,APGIII_174,Angiosperms
Convolvulaceae,Solanales,APGIII_357,Angiosperms
Coriariaceae,Cucurbitales,APGIII_166,Angiosperms
Cornaceae,Cornales,APGIII_320,Angiosperms
Corsiaceae,Liliales,APGIII_060,Angiosperms
Corynocarpaceae,Cucurbitales,APGIII_165,Angiosperms
Costaceae,Zingiberales,APGIII_088,Angiosperms
Crassulaceae,Saxifragales,APGIII_134,Angiosperms
Crossosomataceae,Crossosomatales,APGIII_233,Angiosperms
Crypteroniaceae,Myrtales,APGIII_224,Angiosperms
Ctenolophonaceae,Malpighiales,APGIII_186,Angiosperms
Cucurbitaceae,Cucurbitales,APGIII_167,Angiosperms
Cunoniaceae,Oxalidales,APGIII_176,Angiosperms
Curtisiaceae,Cornales,APGIII_318,Angiosperms
Cyclanthaceae,Pandanales,APGIII_050,Angiosperms
Cymodoceaceae,Alismatales,APGIII_042,Angiosperms
Cynomoriaceae,Saxifragales,APGIII_139,Angiosperms
Cyperaceae,Poales,APGIII_099,Angiosperms
Cyrillaceae,Ericales,APGIII_342,Angiosperms
Cytinaceae,Malvales,APGIII_247,Angiosperms
Daphniphyllaceae,Saxifragales,APGIII_130,Angiosperms
Dasypogonaceae,unplacedCommelinid,APGIII_090,Angiosperms
Datiscaceae,Cucurbitales,APGIII_169,Angiosperms
Degeneriaceae,Magnoliales,APGIII_018,Angiosperms
Diapensiaceae,Ericales,APGIII_336,Angiosperms
Dichapetalaceae,Malpighiales,APGIII_194,Angiosperms
Didiereaceae,Caryophyllales,APGIII_310,Angiosperms
Dilleniaceae,Dilleniales,APGIII_124,Angiosperms
Dioncophyllaceae,Caryophyllales,APGIII_290,Angiosperms
Dioscoreaceae,Dioscoreales,APGIII_046,Angiosperms
Dipentodontaceae,Huerteales,APGIII_246,Angiosperms
Dipterocarpaceae,Malvales,APGIII_256,Angiosperms
Dirachmaceae,Rosales,APGIII_149,Angiosperms
Doryanthaceae,Asparagales,APGIII_069,Angiosperms
Droseraceae,Caryophyllales,APGIII_287,Angiosperms
Drosophyllaceae,Caryophyllales,APGIII_289,Angiosperms
Ebenaceae,Ericales,APGIII_332,Angiosperms
Ecdeiocoleaceae,Poales,APGIII_105,Angiosperms
Elaeagnaceae,Rosales,APGIII_150,Angiosperms
Elaeocarpaceae,Oxalidales,APGIII_177,Angiosperms
Elatinaceae,Malpighiales,APGIII_190,Angiosperms
Emblingiaceae,Brassicales,APGIII_266,Angiosperms
Ericaceae,Ericales,APGIII_344,Angiosperms
Eriocaulaceae,Poales,APGIII_095,Angiosperms
Erythroxylaceae,Malpighiales,APGIII_182,Angiosperms
Escalloniaceae,Escalloniales,APGIII_401,Angiosperms
Eucommiaceae,Garryales,APGIII_348,Angiosperms
Euphorbiaceae,Malpighiales,APGIII_184,Angiosperms
Euphroniaceae,Malpighiales,APGIII_195,Angiosperms
Eupomatiaceae,Magnoliales,APGIII_020,Angiosperms
Eupteleaceae,Ranunculales,APGIII_108,Angiosperms
Fabaceae,Fabales,APGIII_144,Angiosperms
Fagaceae,Fagales,APGIII_157,Angiosperms
Flagellariaceae,Poales,APGIII_103,Angiosperms
Fouquieriaceae,Ericales,APGIII_326,Angiosperms
Frankeniaceae,Caryophyllales,APGIII_283,Angiosperms
Garryaceae,Garryales,APGIII_349,Angiosperms
Geissolomataceae,Crossosomatales,APGIII_228,Angiosperms
Gelsemiaceae,Gentianales,APGIII_353,Angiosperms
Gentianaceae,Gentianales,APGIII_351,Angiosperms
Geraniaceae,Geraniales,APGIII_215,Angiosperms
Gerrardinaceae,Huerteales,APGIII_244,Angiosperms
Gesneriaceae,Lamiales,APGIII_367,Angiosperms
Gisekiaceae,Caryophyllales,APGIII_303,Angiosperms
Gomortegaceae,Laurales,APGIII_024,Angiosperms
Goodeniaceae,Asterales,APGIII_398,Angiosperms
Goupiaceae,Malpighiales,APGIII_203,Angiosperms
Griseliniaceae,Apiales,APGIII_409,Angiosperms
Grossulariaceae,Saxifragales,APGIII_132,Angiosperms
Grubbiaceae,Cornales,APGIII_319,Angiosperms
Guametalaceae,NA,APGIII_231,Angiosperms
Gunneraceae,Gunnerales,APGIII_123,Angiosperms
Gyrostemonaceae,Brassicales,APGIII_269,Angiosperms
Haemodoraceae,Commelinales,APGIII_081,Angiosperms
Halophytaceae,Caryophyllales,APGIII_312,Angiosperms
Haloragaceae,Saxifragales,APGIII_138,Angiosperms
Hamamelidaceae,Saxifragales,APGIII_128,Angiosperms
Hanguanaceae,Commelinales,APGIII_077,Angiosperms
Haptanthaceae,Buxales,APGIII_120,Angiosperms
Heliconiaceae,Zingiberales,APGIII_084,Angiosperms
Helwingiaceae,Aquifoliales,APGIII_388,Angiosperms
Hernandiaceae,Laurales,APGIII_026,Angiosperms
Himantandraceae,Magnoliales,APGIII_019,Angiosperms
Huaceae,Oxalidales,APGIII_173,Angiosperms
Humiriaceae,Malpighiales,APGIII_206,Angiosperms
Hydatellaceae,Nymphaeales,APGIII_002,Angiosperms
Hydnoraceae,Piperales,APGIII_014,Angiosperms
Hydrangeaceae,Cornales,APGIII_321,Angiosperms
Hydrocharitaceae,Alismatales,APGIII_034,Angiosperms
Hydroleaceae,Solanales,APGIII_361,Angiosperms
Hydrostachyaceae,Cornales,APGIII_317,Angiosperms
Hypericaceae,Malpighiales,APGIII_214,Angiosperms
Hypoxidaceae,Asparagales,APGIII_067,Angiosperms
Icacinaceae,NearGarryales,APGIII_347,Angiosperms
Iridaceae,Asparagales,APGIII_071,Angiosperms
Irvingiaceae,Malpighiales,APGIII_207,Angiosperms
Iteaceae,Saxifragales,APGIII_131,Angiosperms
Ixioliriaceae,Asparagales,APGIII_070,Angiosperms
Ixonanthaceae,Malpighiales,APGIII_209,Angiosperms
Joinvilleaceae,Poales,APGIII_104,Angiosperms
Juglandaceae,Fagales,APGIII_159,Angiosperms
Juncaceae,Poales,APGIII_098,Angiosperms
Juncaginaceae,Alismatales,APGIII_037,Angiosperms
Kirkiaceae,Sapindales,APGIII_237,Angiosperms
Koeberliniaceae,Brassicales,APGIII_263,Angiosperms
Krameriaceae,Zygophyllales,APGIII_141,Angiosperms
Lacistemataceae,Malpighiales,APGIII_200,Angiosperms
Lactoridaceae,Piperales,APGIII_013,Angiosperms
Lamiaceae,Lamiales,APGIII_373,Angiosperms
Lanariaceae,Asparagales,APGIII_066,Angiosperms
Lardizabalaceae,Ranunculales,APGIII_111,Angiosperms
Lauraceae,Laurales,APGIII_028,Angiosperms
Lecythidaceae,Ericales,APGIII_328,Angiosperms
Lentibulariaceae,Lamiales,APGIII_377,Angiosperms
Lepidobotryaceae,Celastrales,APGIII_171,Angiosperms
Liliaceae,Liliales,APGIII_061,Angiosperms
Limeaceae,Caryophyllales,APGIII_300,Angiosperms
Limnanthaceae,Brassicales,APGIII_261,Angiosperms
Linaceae,Malpighiales,APGIII_208,Angiosperms
Linderniaceae,Lamiales,APGIII_371,Angiosperms
Loasaceae,Cornales,APGIII_322,Angiosperms
Loganiaceae,Gentianales,APGIII_352,Angiosperms
Lophiocarpaceae,Caryophyllales,APGIII_301,Angiosperms
Lophopyxidaceae,Malpighiales,APGIII_197,Angiosperms
Loranthaceae,Santalales,APGIII_280,Angiosperms
Lowiaceae,Zingiberales,APGIII_083,Angiosperms
Lythraceae,Myrtales,APGIII_219,Angiosperms
Magnoliaceae,Magnoliales,APGIII_017,Angiosperms
Malpighiaceae,Malpighiales,APGIII_191,Angiosperms
Malvaceae,Malvales,APGIII_250,Angiosperms
Marantaceae,Zingiberales,APGIII_087,Angiosperms
Marcgraviaceae,Ericales,APGIII_324,Angiosperms
Martyniaceae,Lamiales,APGIII_384,Angiosperms
Mayacaceae,Poales,APGIII_096,Angiosperms
Melanthiaceae,Liliales,APGIII_053,Angiosperms
Melastomataceae,Myrtales,APGIII_223,Angiosperms
Meliaceae,Sapindales,APGIII_243,Angiosperms
Melianthaceae,Geraniales,APGIII_217,Angiosperms
Menispermaceae,Ranunculales,APGIII_112,Angiosperms
Menyanthaceae,Asterales,APGIII_397,Angiosperms
Metteniusaceae,NearGarryales,APGIII_346,Angiosperms
Misodendraceae,Santalales,APGIII_281,Angiosperms
Mitrastemonaceae,Ericales,APGIII_343,Angiosperms
Molluginaceae,Caryophyllales,APGIII_308,Angiosperms
Monimiaceae,Laurales,APGIII_027,Angiosperms
Montiaceae,Caryophyllales,APGIII_309,Angiosperms
Montiniaceae,Solanales,APGIII_359,Angiosperms
Moraceae,Rosales,APGIII_154,Angiosperms
Moringaceae,Brassicales,APGIII_259,Angiosperms
Muntingiaceae,Malvales,APGIII_248,Angiosperms
Musaceae,Zingiberales,APGIII_085,Angiosperms
Myodocarpaceae,Apiales,APGIII_412,Angiosperms
Myricaceae,Fagales,APGIII_158,Angiosperms
Myristicaceae,Magnoliales,APGIII_016,Angiosperms
Myrothamnaceae,Gunnerales,APGIII_122,Angiosperms
Myrtaceae,Myrtales,APGIII_222,Angiosperms
Nartheciaceae,Dioscoreales,APGIII_044,Angiosperms
Nelumbonaceae,Proteales,APGIII_116,Angiosperms
Nepenthaceae,Caryophyllales,APGIII_288,Angiosperms
Neuradaceae,Malvales,APGIII_249,Angiosperms
Nitrariaceae,Sapindales,APGIII_236,Angiosperms
Nothofagaceae,Fagales,APGIII_156,Angiosperms
Nyctaginaceae,Caryophyllales,APGIII_307,Angiosperms
Nymphaeaceae,Nymphaeales,APGIII_004,Angiosperms
Ochnaceae,Malpighiales,APGIII_187,Angiosperms
Olacaceae,Santalales,APGIII_277,Angiosperms
Oleaceae,Lamiales,APGIII_364,Angiosperms
Onagraceae,Myrtales,APGIII_220,Angiosperms
Oncothecaceae,"NearGarryales,asteridI",APGIII_345,Angiosperms
Opiliaceae,Santalales,APGIII_278,Angiosperms
Orchidaceae,Asparagales,APGIII_062,Angiosperms
Orobanchaceae,Lamiales,APGIII_376,Angiosperms
Oxalidaceae,Oxalidales,APGIII_175,Angiosperms
Paeoniaceae,Saxifragales,APGIII_126,Angiosperms
Pandaceae,Malpighiales,APGIII_180,Angiosperms
Pandanaceae,Pandanales,APGIII_051,Angiosperms
Papaveraceae,Ranunculales,APGIII_109,Angiosperms
Paracryphiaceae,Paracryphiales,APGIII_404,Angiosperms
Passifloraceae,Malpighiales,APGIII_199,Angiosperms
Paulowniaceae,Lamiales,APGIII_375,Angiosperms
Pedaliaceae,Lamiales,APGIII_372,Angiosperms
Penaeaceae,Myrtales,APGIII_226,Angiosperms
Pennantiaceae,Apiales,APGIII_407,Angiosperms
Pentadiplandraceae,Brassicales,APGIII_268,Angiosperms
Pentaphragmataceae,Asterales,APGIII_392,Angiosperms
Pentaphylacaceae,Ericales,APGIII_330,Angiosperms
Penthoraceae,Saxifragales,APGIII_137,Angiosperms
Peridiscaceae,Saxifragales,APGIII_125,Angiosperms
Petermanniaceae,Liliales,APGIII_054,Angiosperms
Petrosaviaceae,Petrosaviales,APGIII_043,Angiosperms
Phellinaceae,Asterales,APGIII_395,Angiosperms
Philesiaceae,Liliales,APGIII_057,Angiosperms
Philydraceae,Commelinales,APGIII_079,Angiosperms
Phrymaceae,Lamiales,APGIII_374,Angiosperms
Phyllanthaceae,Malpighiales,APGIII_189,Angiosperms
Phyllonomaceae,Aquifoliales,APGIII_387,Angiosperms
Physenaceae,Caryophyllales,APGIII_294,Angiosperms
Phytolaccaceae,Caryophyllales,APGIII_305,Angiosperms
Picramniaceae,Picramniales,APGIII_234,Angiosperms
Picrodendraceae,Malpighiales,APGIII_188,Angiosperms
Piperaceae,Piperales,APGIII_012,Angiosperms
Pittosporaceae,Apiales,APGIII_410,Angiosperms
Plantaginaceae,Lamiales,APGIII_368,Angiosperms
Platanaceae,Proteales,APGIII_117,Angiosperms
Plocospermataceae,Lamiales,APGIII_362,Angiosperms
Plumbaginaceae,Caryophyllales,APGIII_285,Angiosperms
Poaceae,Poales,APGIII_106,Angiosperms
Podostemaceae,Malpighiales,APGIII_213,Angiosperms
Polemoniaceae,Ericales,APGIII_327,Angiosperms
Polygalaceae,Fabales,APGIII_146,Angiosperms
Polygonaceae,Caryophyllales,APGIII_286,Angiosperms
Pontederiaceae,Commelinales,APGIII_080,Angiosperms
Portulacaceae,Caryophyllales,APGIII_314,Angiosperms
Posidoniaceae,Alismatales,APGIII_040,Angiosperms
Potamogetonaceae,Alismatales,APGIII_039,Angiosperms
Primulaceae,Ericales,APGIII_333,Angiosperms
Proteaceae,Proteales,APGIII_118,Angiosperms
Putranjivaceae,Malpighiales,APGIII_198,Angiosperms
Quillajaceae,Fabales,APGIII_143,Angiosperms
Rafflesiaceae,Malpighiales,APGIII_183,Angiosperms
Ranunculaceae,Ranunculales,APGIII_114,Angiosperms
Rapateaceae,Poales,APGIII_093,Angiosperms
Resedaceae,Brassicales,APGIII_270,Angiosperms
Restionaceae,Poales,APGIII_102,Angiosperms
Rhabdodendraceae,Caryophyllales,APGIII_292,Angiosperms
Rhamnaceae,Rosales,APGIII_151,Angiosperms
Rhizophoraceae,Malpighiales,APGIII_181,Angiosperms
Ripogonaceae,NA,APGIII_058,Angiosperms
Roridulaceae,Ericales,APGIII_339,Angiosperms
Rosaceae,Rosales,APGIII_147,Angiosperms
Rousseaceae,Asterales,APGIII_390,Angiosperms
Rubiaceae,Gentianales,APGIII_350,Angiosperms
Ruppiaceae,Alismatales,APGIII_041,Angiosperms
Rutaceae,Sapindales,APGIII_241,Angiosperms
Sabiaceae,Sabiales,APGIII_115,Angiosperms
Salicaceae,Malpighiales,APGIII_201,Angiosperms
Salvadoraceae,Brassicales,APGIII_265,Angiosperms
Santalaceae,Santalales,APGIII_279,Angiosperms
Sapindaceae,Sapindales,APGIII_240,Angiosperms
Sapotaceae,Ericales,APGIII_331,Angiosperms
Sarcobataceae,Caryophyllales,APGIII_306,Angiosperms
Sarcolaenaceae,Malvales,APGIII_254,Angiosperms
Sarraceniaceae,Ericales,APGIII_338,Angiosperms
Saururaceae,Piperales,APGIII_011,Angiosperms
Saxifragaceae,Saxifragales,APGIII_133,Angiosperms
Scheuchzeriaceae,Alismatales,APGIII_035,Angiosperms
Schisandraceae,Austrobaileyales,APGIII_007,Angiosperms
Schlegeliaceae,Lamiales,APGIII_381,Angiosperms
Schoepfiaceae,Santalales,APGIII_282,Angiosperms
Scrophulariaceae,Lamiales,APGIII_369,Angiosperms
Setchellanthaceae,Brassicales,APGIII_262,Angiosperms
Simaroubaceae,Sapindales,APGIII_242,Angiosperms
Simmondsiaceae,Caryophyllales,APGIII_293,Angiosperms
Siparunaceae,Laurales,APGIII_023,Angiosperms
Sladeniaceae,Ericales,APGIII_329,Angiosperms
Smilacaceae,Liliales,APGIII_059,Angiosperms
Solanaceae,Solanales,APGIII_358,Angiosperms
Sphaerosepalaceae,Malvales,APGIII_251,Angiosperms
Sphenocleaceae,Solanales,APGIII_360,Angiosperms
Stachyuraceae,Crossosomatales,APGIII_232,Angiosperms
Staphyleaceae,Crossosomatales,APGIII_230,Angiosperms
Stegnospermataceae,Caryophyllales,APGIII_299,Angiosperms
Stemonaceae,Pandanales,APGIII_049,Angiosperms
Stemonuraceae,Aquifoliales,APGIII_385,Angiosperms
Stilbaceae,Lamiales,APGIII_370,Angiosperms
Strasburgeriaceae,Crossosomatales,APGIII_229,Angiosperms
Strelitziaceae,Zingiberales,APGIII_082,Angiosperms
Stylidiaceae,Asterales,APGIII_393,Angiosperms
Styracaceae,Ericales,APGIII_337,Angiosperms
Surianaceae,Fabales,APGIII_145,Angiosperms
Symplocaceae,Ericales,APGIII_335,Angiosperms
Talinaceae,Caryophyllales,APGIII_313,Angiosperms
Tamaricaceae,Caryophyllales,APGIII_284,Angiosperms
Tapisciaceae,Huerteales,APGIII_245,Angiosperms
Tecophilaeaceae,Asparagales,APGIII_068,Angiosperms
Tetracarpaeaceae,Saxifragales,APGIII_136,Angiosperms
Tetrachondraceae,Lamiales,APGIII_365,Angiosperms
Tetramelaceae,Cucurbitales,APGIII_168,Angiosperms
Tetrameristaceae,Ericales,APGIII_325,Angiosperms
Theaceae,Ericales,APGIII_334,Angiosperms
Thomandersiaceae,Lamiales,APGIII_380,Angiosperms
Thurniaceae,Poales,APGIII_097,Angiosperms
Thymelaeaceae,Malvales,APGIII_252,Angiosperms
Ticodendraceae,Fagales,APGIII_161,Angiosperms
Tofieldiaceae,Alismatales,APGIII_031,Angiosperms
Torricelliaceae,Apiales,APGIII_408,Angiosperms
Tovariaceae,Brassicales,APGIII_267,Angiosperms
Trigoniaceae,Malpighiales,APGIII_193,Angiosperms
Trimeniaceae,Austrobaileyales,APGIII_006,Angiosperms
Triuridaceae,Pandanales,APGIII_047,Angiosperms
Trochodendraceae,Trochodendrales,APGIII_119,Angiosperms
Tropaeolaceae,Brassicales,APGIII_258,Angiosperms
Typhaceae,Poales,APGIII_091,Angiosperms
Ulmaceae,Rosales,APGIII_152,Angiosperms
Urticaceae,Rosales,APGIII_155,Angiosperms
Vahliaceae,unplacedasteridI,APGIII_355,Angiosperms
Velloziaceae,Pandanales,APGIII_048,Angiosperms
Verbenaceae,Lamiales,APGIII_382,Angiosperms
Violaceae,Malpighiales,APGIII_202,Angiosperms
Vitaceae,Vitales,APGIII_140,Angiosperms
Vivianiaceae,Geraniales,APGIII_216,Angiosperms
Vochysiaceae,Myrtales,APGIII_221,Angiosperms
Winteraceae,Canellales,APGIII_010,Angiosperms
Xanthorrhoeaceae,Asparagales,APGIII_073,Angiosperms
Xeronemataceae,Asparagales,APGIII_072,Angiosperms
Xyridaceae,Poales,APGIII_094,Angiosperms
Zingiberaceae,Zingiberales,APGIII_089,Angiosperms
Zosteraceae,Alismatales,APGIII_038,Angiosperms
Zygophyllaceae,Zygophyllales,APGIII_142,Angiosperms
Abietaceae,Pinales,NA,
Abolbodaceae,Poales,NA,
Abrophyllaceae,Asterales,NA,
Acaciaceae,Fabales,NA,
Acalyphaceae,Malpighiales,NA,
Acanthochlamydaceae,Pandanales,NA,
Acarnaceae,Asterales,NA,
Aceraceae,Sapindales,NA,
Achradaceae,Ericales,NA,
Achyranthaceae,Caryophyllales,NA,
Acmopylaceae,Pinales,NA,
Aconitaceae,Ranunculales,NA,
Acristaceae,Arecales,NA,
Actaeaceae,Ranunculales,NA,
Actinotaceae,Apiales,NA,
Adenogrammaceae,Caryophyllales,NA,
Aegialitidaceae,Caryophyllales,NA,
Aegicerataceae,Ericales,NA,
Aegilopaceae,Poales,NA,
Aeginetiaceae,Lamiales,NA,
Aegiphilaceae,Lamiales,NA,
Aesculaceae,Sapindales,NA,
Agapanthaceae,Asparagales,NA,
Agavaceae,Asparagales,NA,
Agdestidaceae,Caryophyllales,NA,
Agialidaceae,Zygophyllales,NA,
Agrimoniaceae,Rosales,NA,
Agrostidaceae,Poales,NA,
Ailanthaceae,Sapindales,NA,
Aitoniaceae,Sapindales,NA,
Ajugaceae,Lamiales,NA,
Alangiaceae,Cornales,NA,
Alchemillaceae,Rosales,NA,
Aldrovandaceae,Caryophyllales,NA,
Alliaceae,Asparagales,NA,
Allioniaceae,Caryophyllales,NA,
Allophylaceae,Sapindales,NA,
Aloaceae,Asparagales,NA,
Alopecuraceae,Poales,NA,
Alpiniaceae,Zingiberales,NA,
Alsinaceae,Caryophyllales,NA,
Alsodeiaceae,Malpighiales,NA,
Ambrosiaceae,Asterales,NA,
Amentotaxaceae,Pinales,NA,
Ammanniaceae,Myrtales,NA,
Ammiaceae,Apiales,NA,
Amomaceae,Zingiberales,NA,
Ampelidopsaceae,Vitales,NA,
Amphorogynaceae,Santalales,NA,
Amygdalaceae,Rosales,NA,
Amyridaceae,Sapindales,NA,
Anagallidaceae,Ericales,NA,
Anchusaceae,Boraginales,NA,
Andromedaceae,Ericales,NA,
Andropogonaceae,Poales,NA,
Androstachyaceae,Malpighiales,NA,
Androsynaceae,Asparagales,NA,
Anemarrhenaceae,Asparagales,NA,
Anemonaceae,Ranunculales,NA,
Angelicaceae,Apiales,NA,
Anomochloaceae,Poales,NA,
Anopteraceae,Escalloniales,NA,
Anrederaceae,Caryophyllales,NA,
Anthemidaceae,Asterales,NA,
Anthericaceae,Asparagales,NA,
Anthobolaceae,Santalales,NA,
Anthoxanthaceae,Poales,NA,
Antidesmataceae,Malpighiales,NA,
Antirrhinaceae,Lamiales,NA,
Antoniaceae,Gentianales,NA,
Aparinaceae,Gentianales,NA,
Aphyllanthaceae,Asparagales,NA,
Aporusaceae,Malpighiales,NA,
Aposeridaceae,Asterales,NA,
Apostasiaceae,Asparagales,NA,
Aptandraceae,Santalales,NA,
Aquilariaceae,Malvales,NA,
Aquilegiaceae,Ranunculales,NA,
Arabidaceae,Brassicales,NA,
Aragoaceae,Lamiales,NA,
Aralidiaceae,Apiales,NA,
Arbutaceae,Ericales,NA,
Arceuthidaceae,Pinales,NA,
Arceuthobiaceae,Santalales,NA,
Arctostaphylaceae,Ericales,NA,
Arctotidaceae,Asterales,NA,
Ardisiaceae,Ericales,NA,
Arisaraceae,Alismatales,NA,
Aristoteliaceae,Oxalidales,NA,
Arjonaceae,Santalales,NA,
Armeriaceae,Caryophyllales,NA,
Artemisiaceae,Asterales,NA,
Arthrotaxidaceae,Pinales,NA,
Artocarpaceae,Rosales,NA,
Arundinaceae,Poales,NA,
Arundinellaceae,Poales,NA,
Asaraceae,Piperales,NA,
Asclepiadaceae,Gentianales,NA,
Ascyraceae,Malpighiales,NA,
Aspalathaceae,Fabales,NA,
Asperellaceae,Poales,NA,
Asperulaceae,Gentianales,NA,
Asphodelaceae,Asparagales,NA,
Aspidistraceae,Asparagales,NA,
Asteranthaceae,Ericales,NA,
Astragalaceae,Fabales,NA,
Astrocarpaceae,Brassicales,NA,
Athanasiaceae,Asterales,NA,
Atriplicaceae,Caryophyllales,NA,
Atropaceae,Solanales,NA,
Aucubaceae,Garryales,NA,
Aurantiaceae,Sapindales,NA,
Austrotaxaceae,Pinales,NA,
Avenaceae,Poales,NA,
Averrhoaceae,Oxalidales,NA,
Avetraceae,Dioscoreales,NA,
Avicenniaceae,Lamiales,NA,
Azaleaceae,Ericales,NA,
Azimaceae,Brassicales,NA,
Baeckeaceae,Myrtales,NA,
Balanitaceae,Zygophyllales,NA,
Balsameaceae,Sapindales,NA,
Bambusaceae,Poales,NA,
Barbaceniaceae,Pandanales,NA,
Barclayaceae,Nymphaeales,NA,
Barringtoniaceae,Ericales,NA,
Baueraceae,Oxalidales,NA,
Bauhiniaceae,Fabales,NA,
Baxteriaceae,unplacedCommelinid,NA,
Behniaceae,Asparagales,NA,
Belangeraceae,Oxalidales,NA,
Belloniaceae,Lamiales,NA,
Bembiciaceae,Malpighiales,NA,
Berryaceae,Malvales,NA,
Bersamaceae,Geraniales,NA,
Bertyaceae,Malpighiales,NA,
Berzeliaceae,Bruniales,NA,
Besleriaceae,Lamiales,NA,
Betaceae,Caryophyllales,NA,
Bifariaceae,Santalales,NA,
Bischofiaceae,Malpighiales,NA,
Blakeaceae,Myrtales,NA,
Blattiaceae,Myrtales,NA,
Blepharocaryaceae,Sapindales,NA,
Blitaceae,Caryophyllales,NA,
Blyxaceae,Alismatales,NA,
Boerlagellaceae,Ericales,NA,
Bogutchanthaceae,fossil_Hamamelidales,NA,
Bolivaraceae,Lamiales,NA,
Bombacaceae,Malvales,NA,
Bontiaceae,Lamiales,NA,
Boopidaceae,Asterales,NA,
Borassaceae,Arecales,NA,
Boroniaceae,Sapindales,NA,
Borthwickiaceae,Brassicales,NA,
Botryodendraceae,Apiales,NA,
Bougainvilleaceae,Caryophyllales,NA,
Boweniaceae,Cycadales,NA,
Brachycaulaceae,Saxifragales,NA,
Bretschneideraceae,Brassicales,NA,
Brexiaceae,Celastrales,NA,
Bromaceae,Poales,NA,
Browalliaceae,Solanales,NA,
Brownlowiaceae,Malvales,NA,
Brunoniaceae,Asterales,NA,
Brunsvigiaceae,Asparagales,NA,
Bryoniaceae,Cucurbitales,NA,
Buchneraceae,Lamiales,NA,
Bucidaceae,Myrtales,NA,
Buddlejaceae,Lamiales,NA,
Buglossaceae,Boraginales,NA,
Bulbocodiaceae,Liliales,NA,
Bumeliaceae,Ericales,NA,
Bupleuraceae,Apiales,NA,
Burchardiaceae,Liliales,NA,
Butneriaceae,Laurales,NA,
Byttneriaceae,Malvales,NA,
Cacaoaceae,Malvales,NA,
Caesalpiniaceae,Fabales,NA,
Caladiaceae,Alismatales,NA,
Calamaceae,Arecales,NA,
Calectasiaceae,unplacedCommelinid,NA,
Calendulaceae,Asterales,NA,
Callaceae,Alismatales,NA,
Callicomaceae,Oxalidales,NA,
Calligonaceae,Caryophyllales,NA,
Callitraceae,Pinales,NA,
Callitrichaceae,Lamiales,NA,
Calochortaceae,Liliales,NA,
Calthaceae,Ranunculales,NA,
Cambogiaceae,Malpighiales,NA,
Camelliaceae,Ericales,NA,
Canacomyricaceae,Fagales,NA,
Canopodaceae,Santalales,NA,
Canotiaceae,Celastrales,NA,
Cansjeraceae,Santalales,NA,
Caprariaceae,Lamiales,NA,
Carduaceae,Asterales,NA,
Carissaceae,Gentianales,NA,
Carlinaceae,Asterales,NA,
Carpinaceae,Fagales,NA,
Carpodetaceae,Asterales,NA,
Cartonemataceae,Commelinales,NA,
Cassiaceae,Fabales,NA,
Cassipoureaceae,Malpighiales,NA,
Cassythaceae,Laurales,NA,
Castaneaceae,Fagales,NA,
Castelaceae,Sapindales,NA,
Catesbaeaceae,Gentianales,NA,
Cathedraceae,Santalales,NA,
Caucaulidaceae,Apiales,NA,
Cecropiaceae,Rosales,NA,
Cedraceae,Pinales,NA,
Cedrelaceae,Sapindales,NA,
Celosiaceae,Caryophyllales,NA,
Celtidaceae,Rosales,NA,
Centaureaceae,Asterales,NA,
Cepaceae,Asparagales,NA,
Cephalanthaceae,Gentianales,NA,
Cephalotaxaceae,Pinales,NA,
Cerastiaceae,Caryophyllales,NA,
Ceratoniaceae,Fabales,NA,
Cerberaceae,Gentianales,NA,
Cercocarpaceae,Rosales,NA,
Cercodiaceae,Saxifragales,NA,
Cereaceae,Caryophyllales,NA,
Cerinthaceae,Boraginales,NA,
Ceroxylaceae,Arecales,NA,
Cervantesiaceae,Santalales,NA,
Cestraceae,Solanales,NA,
Cevalliaceae,Cornales,NA,
Chaeturaceae,Poales,NA,
Chailletiaceae,Malpighiales,NA,
Chamaedoraceae,Arecales,NA,
Chamaemoraceae,Rosales,NA,
Chamelauciaceae,Myrtales,NA,
Chaunochitonaceae,Santalales,NA,
Cheilosaceae,Malpighiales,NA,
Chelidoniaceae,Ranunculales,NA,
Chelonaceae,Lamiales,NA,
Chenopodiaceae,Caryophyllales,NA,
Chimonanthaceae,Laurales,NA,
Chingithamnaceae,Celastrales,NA,
Chionographidaceae,Liliales,NA,
Chiranthodendraceae,Malvales,NA,
Chironiaceae,Gentianales,NA,
Chlaenaceae,Malvales,NA,
Chloanthaceae,Lamiales,NA,
Chloridaceae,Poales,NA,
Chlorogalaceae,Asparagales,NA,
Chrysospleniaceae,Saxifragales,NA,
Ciceraceae,Fabales,NA,
Cichoriaceae,Asterales,NA,
Cimicifugaceae,Ranunculales,NA,
Cinchoniaceae,Gentianales,NA,
Circaeaceae,Myrtales,NA,
Cissaceae,Vitales,NA,
Citraceae,Sapindales,NA,
Clematidaceae,Ranunculales,NA,
Cneoraceae,Sapindales,NA,
Cnestidaceae,Oxalidales,NA,
Cnicaceae,Asterales,NA,
Cobaeaceae,Ericales,NA,
Cochlospermaceae,Malvales,NA,
Cocosaceae,Arecales,NA,
Codonaceae,Boraginales,NA,
Coeleanthaceae,Poales,NA,
Coffeaceae,Gentianales,NA,
Coleogynaceae,Rosales,NA,
Colocasiaceae,Alismatales,NA,
Comandraceae,Santalales,NA,
Comocladiaceae,Sapindales,NA,
Compositae,Asterales,NA,
Compsoaceae,Liliales,NA,
Conantheraceae,Asparagales,NA,
Conostylidaceae,Commelinales,NA,
Convallariaceae,Asparagales,NA,
Cordiaceae,Boraginales,NA,
Coreopsidaceae,Asterales,NA,
Coriandraceae,Apiales,NA,
Coridaceae,Ericales,NA,
Corispermaceae,Caryophyllales,NA,
Corokiaceae,Asterales,NA,
Coronillaceae,Fabales,NA,
Correaceae,Sapindales,NA,
Corrigiolaceae,Caryophyllales,NA,
Corydalaceae,Ranunculales,NA,
Corylaceae,Fagales,NA,
Coryphaceae,Arecales,NA,
Cotyledonaceae,Saxifragales,NA,
Coulaceae,Santalales,NA,
Coutariaceae,Gentianales,NA,
Coutoubeaceae,Gentianales,NA,
Crescentiaceae,Lamiales,NA,
Cressaceae,Solanales,NA,
Crinaceae,Asparagales,NA,
Crocaceae,Asparagales,NA,
Croomiaceae,Pandanales,NA,
Crotonaceae,Malpighiales,NA,
Cruciferae,Brassicales,NA,
Cryptaceae,Malpighiales,NA,
Cryptocorynaceae,Alismatales,NA,
Cryptomeriaceae,Pinales,NA,
Cunninghamiaceae,Pinales,NA,
Curcumaceae,Zingiberales,NA,
Cuscutaceae,Solanales,NA,
Cyananthaceae,Asterales,NA,
Cyanastraceae,Asparagales,NA,
Cyanellaceae,Asparagales,NA,
Cyclantheraceae,Cucurbitales,NA,
Cyclocheilaceae,Lamiales,NA,
Cydoniaceae,Rosales,NA,
Cynanchaceae,Gentianales,NA,
Cynaraceae,Asterales,NA,
Cynocrambaceae,Gentianales,NA,
Cynodontaceae,Poales,NA,
Cynoglossaceae,Boraginales,NA,
Cynosuraceae,Poales,NA,
Cyphiaceae,Asterales,NA,
Cyphocarpaceae,Asterales,NA,
Cypripediaceae,Asparagales,NA,
Cyrtandraceae,Lamiales,NA,
Cyrtanthaceae,Asparagales,NA,
Dacrycarpaceae,Pinales,NA,
Dactylanthaceae,Santalales,NA,
Dalbergiaceae,Fabales,NA,
Daleaceae,Fabales,NA,
Damasoniaceae,Alismatales,NA,
Daphnaceae,Malvales,NA,
Daturaceae,Solanales,NA,
Daucaceae,Apiales,NA,
Davidiaceae,Cornales,NA,
Davidsoniaceae,Oxalidales,NA,
Decaisneaceae,Ranunculales,NA,
Deeringiaceae,Caryophyllales,NA,
Delimaceae,Dilleniales,NA,
Delphiniaceae,Ranunculales,NA,
Dendrophthoaceae,Santalales,NA,
Desfontainiaceae,Bruniales,NA,
Detariaceae,Fabales,NA,
Dialypetalanthaceae,Gentianales,NA,
Dianellaceae,Asparagales,NA,
Dianthaceae,Caryophyllales,NA,
Dichondraceae,Solanales,NA,
Diclidantheraceae,Fabales,NA,
Dicrastylidiaceae,Lamiales,NA,
Dictamnaceae,Sapindales,NA,
Didymelaceae,Buxales,NA,
Didymocarpaceae,Lamiales,NA,
Diegodendraceae,Malvales,NA,
Diervillaceae,Dipsacales,NA,
Digitalidaceae,Lamiales,NA,
Dilatridaceae,Commelinales,NA,
Dioaceae,Cycadales,NA,
Dionaeaceae,Caryophyllales,NA,
Diosmaceae,Sapindales,NA,
Diospyraceae,Ericales,NA,
Diphylleiaceae,Ranunculales,NA,
Diplolaenaceae,Sapindales,NA,
Dipsacaceae,Dipsacales,NA,
Disanthaceae,Saxifragales,NA,
Diselmaceae,Pinales,NA,
Dodonaeaceae,Sapindales,NA,
Dombeyaceae,Malvales,NA,
Donatiaceae,Asterales,NA,
Dorsteniaceae,Rosales,NA,
Dortmannaceae,Asterales,NA,
Drabaceae,Brassicales,NA,
Dracaenaceae,Asparagales,NA,
Dracontiaceae,Alismatales,NA,
Drimyidaceae,Canellales,NA,
Dryadaceae,Rosales,NA,
Duabangaceae,Myrtales,NA,
Duckeodendraceae,Solanales,NA,
Dulongiaceae,Aquifoliales,NA,
Durantaceae,Lamiales,NA,
Durionaceae,Malvales,NA,
Dysphaniaceae,Caryophyllales,NA,
Eccremidaceae,Asparagales,NA,
Echiaceae,Boraginales,NA,
Echinariaceae,Poales,NA,
Echinopaceae,Asterales,NA,
Ehretiaceae,Boraginales,NA,
Ehrhartaceae,Poales,NA,
Elegiaceae,Poales,NA,
Ellisiaceae,Boraginales,NA,
Ellisiophyllaceae,Lamiales,NA,
Elodeaceae,Alismatales,NA,
Elytranthaceae,Santalales,NA,
Embeliaceae,Ericales,NA,
Emmotaceae,NearGarryales,NA,
Empetraceae,Ericales,NA,
Encephalartaceae,Cycadales,NA,
Engelhardtiaceae,Fagales,NA,
Enhalaceae,Alismatales,NA,
Epacridaceae,Ericales,NA,
Ephedraceae,Gnetales,NA,
Ephemeranthaceae,Commelinales,NA,
Epilobiaceae,Myrtales,NA,
Epimediaceae,Ranunculales,NA,
Eragrostidaceae,Poales,NA,
Eremolepidaceae,Santalales,NA,
Eremosynaceae,Escalloniales,NA,
Erinaceae,Lamiales,NA,
Eriogonaceae,Caryophyllales,NA,
Eriospermaceae,Asparagales,NA,
Erodiaceae,Geraniales,NA,
Erycibaceae,Solanales,NA,
Eryngiaceae,Apiales,NA,
Erysimaceae,Brassicales,NA,
Erythroniaceae,Liliales,NA,
Erythropalaceae,Santalales,NA,
Erythrospermaceae,Malpighiales,NA,
Eschscholziaceae,Ranunculales,NA,
Eucomidaceae,Asparagales,NA,
Eucryphiaceae,Oxalidales,NA,
Eugeniaceae,Myrtales,NA,
Euonymaceae,Celastrales,NA,
Eupatoriaceae,Asterales,NA,
Euphrasiaceae,Lamiales,NA,
Euryalaceae,Nymphaeales,NA,
Eustrephaceae,Asparagales,NA,
Euthemidaceae,Malpighiales,NA,
Eutocaceae,Boraginales,NA,
Evolvulaceae,Solanales,NA,
Exbucklandiaceae,Saxifragales,NA,
ex-Icacinaceae,NearGarryales,NA,
Exocarpaceae,Santalales,NA,
Falcatifoliaceae,Pinales,NA,
Ferulaceae,Apiales,NA,
Festucaceae,Poales,NA,
Ficaceae,Rosales,NA,
Ficoidaceae,Caryophyllales,NA,
Fitzroyaceae,Pinales,NA,
Flacourtiaceae,Malpighiales,NA,
Flindersiaceae,Sapindales,NA,
Foetidiaceae,Ericales,NA,
Forestieraceae,Lamiales,NA,
Fothergillaceae,Saxifragales,NA,
Fragariaceae,Rosales,NA,
Francoaceae,Geraniales,NA,
Frangulaceae,Rosales,NA,
Fraxinaceae,Lamiales,NA,
Fraxinellaceae,Sapindales,NA,
Freycinetiaceae,Pandanales,NA,
Fritillariaceae,Liliales,NA,
Fuchsiaceae,Myrtales,NA,
Fumariaceae,Ranunculales,NA,
Funkiaceae,Asparagales,NA,
Gaiadendraceae,Santalales,NA,
Galacinaceae,Ericales,NA,
Galanthaceae,Asparagales,NA,
Galaxiaceae,Asparagales,NA,
Galedupaceae,Fabales,NA,
Galeniaceae,Caryophyllales,NA,
Galiaceae,Gentianales,NA,
Garciniaceae,Malpighiales,NA,
Gardeniaceae,Gentianales,NA,
Gardneriaceae,Gentianales,NA,
Geitonoplesiaceae,Asparagales,NA,
Geniostomataceae,Gentianales,NA,
Geoffroeaceae,Fabales,NA,
Geonomataceae,Arecales,NA,
Geosiridaceae,Asparagales,NA,
Gethyllidaceae,Asparagales,NA,
Gilliesiaceae,Asparagales,NA,
Ginalloaceae,Santalales,NA,
Gladiolaceae,Asparagales,NA,
Glaucidiaceae,Ranunculales,NA,
Glechomaceae,Lamiales,NA,
Glinaceae,Caryophyllales,NA,
Globulariaceae,Lamiales,NA,
Glyceriaceae,Poales,NA,
Gnaphaliaceae,Asterales,NA,
Gnidiaceae,Malvales,NA,
Goetzeaceae,Solanales,NA,
Gomphiaceae,Malpighiales,NA,
Gomphrenaceae,Caryophyllales,NA,
Gonystylaceae,Malvales,NA,
Gordoniaceae,Ericales,NA,
Gouaniaceae,Rosales,NA,
Gramineae,Poales,NA,
Gratiolaceae,Lamiales,NA,
Grewiaceae,Malvales,NA,
Greyiaceae,Geraniales,NA,
Grielaceae,Malvales,NA,
Grindeliaceae,Asterales,NA,
Gronoviaceae,Cornales,NA,
Guaiacanaceae,Ericales,NA,
Guamatelaceae,Crossosomatales,NA,
Guettardaceae,Gentianales,NA,
Gustaviaceae,Ericales,NA,
Guttiferae,Malpighiales,NA,
Gyrocarpaceae,Laurales,NA,
Hachetteaceae,Santalales,NA,
Haemanthaceae,Asparagales,NA,
Halesiaceae,Ericales,NA,
Hallieraceae,Lamiales,NA,
Halocarpaceae,Pinales,NA,
Halophilaceae,Alismatales,NA,
Hameliaceae,Gentianales,NA,
Harmandiaceae,Santalales,NA,
Hebenstretiaceae,Lamiales,NA,
Hectorellaceae,Caryophyllales,NA,
Hederaceae,Apiales,NA,
Hedyosmaceae,Chloranthales,NA,
Hedyotidaceae,Gentianales,NA,
Hedysaraceae,Fabales,NA,
Heisteriaceae,Santalales,NA,
Heleniaceae,Asterales,NA,
Heliamphoraceae,Ericales,NA,
Helianthaceae,Asterales,NA,
Helianthemaceae,Malvales,NA,
Helichrysaceae,Asterales,NA,
Helicteraceae,Malvales,NA,
Heliotropiaceae,Boraginales,NA,
Helleboraceae,Ranunculales,NA,
Heloniadaceae,Liliales,NA,
Helosidaceae,Santalales,NA,
Hemerocallidaceae,Asparagales,NA,
Hemimeridaceae,Lamiales,NA,
Hemiphylacaceae,Asparagales,NA,
Henriqueziaceae,Gentianales,NA,
Henslowiaceae,Myrtales,NA,
Hermanniaceae,Malvales,NA,
Herniariaceae,Caryophyllales,NA,
Herreriaceae,Asparagales,NA,
Hesperocallidaceae,Asparagales,NA,
Heterantheraceae,Commelinales,NA,
Heteropyxidaceae,Myrtales,NA,
Heterostylaceae,Alismatales,NA,
Hibbertiaceae,Dilleniales,NA,
Hibiscaceae,Malvales,NA,
Hilleriaceae,Caryophyllales,NA,
Hippocastanaceae,Sapindales,NA,
Hippocrateaceae,Celastrales,NA,
Hippomanaceae,Malpighiales,NA,
Hippophaeaceae,Rosales,NA,
Hippuridaceae,Lamiales,NA,
Hirtellaceae,Malpighiales,NA,
Holacanthaceae,Sapindales,NA,
Holcaceae,Poales,NA,
Homaliaceae,Malpighiales,NA,
Hopkinsiaceae,Poales,NA,
Hoplestigmataceae,Boraginales,NA,
Hordeaceae,Poales,NA,
Hornschuchiaceae,Magnoliales,NA,
Hortensiaceae,Cornales,NA,
Hortoniaceae,Laurales,NA,
Hostaceae,Asparagales,NA,
Hottoniaceae,Ericales,NA,
Houstoniaceae,Gentianales,NA,
Huerteaceae,Huerteales,NA,
Hugoniaceae,Malpighiales,NA,
Humbertiaceae,Solanales,NA,
Humulaceae,Rosales,NA,
Hyacinthaceae,Asparagales,NA,
Hydrastidaceae,Ranunculales,NA,
Hydrillaceae,Alismatales,NA,
Hydroceraceae,Ericales,NA,
Hydrocotylaceae,Apiales,NA,
Hydrogetonaceae,Alismatales,NA,
Hydropeltidaceae,Nymphaeales,NA,
Hydrophylacaceae,Gentianales,NA,
Hydrophyllaceae,Boraginales,NA,
Hymenocardiaceae,Malpighiales,NA,
Hyoscyamaceae,Solanales,NA,
Hypecoaceae,Ranunculales,NA,
Hyperantheraceae,Brassicales,NA,
Hypopityaceae,Ericales,NA,
Hypseocharitaceae,Geraniales,NA,
Idiospermaceae,Laurales,NA,
Ilicaceae,Aquifoliales,NA,
Illecebraceae,Caryophyllales,NA,
Illiciaceae,Austrobaileyales,NA,
Illigeraceae,Laurales,NA,
Impatientaceae,Ericales,NA,
Imperatoriaceae,Apiales,NA,
Inocarpaceae,Fabales,NA,
Inulaceae,Asterales,NA,
Iodaceae,NearGarryales,NA,
Ionidiaceae,Malpighiales,NA,
Iriarteaceae,Arecales,NA,
Isatidaceae,Brassicales,NA,
Isnardiaceae,Myrtales,NA,
Isophysidaceae,Asparagales,NA,
Ivaceae,Asterales,NA,
Ixerbaceae,Crossosomatales,NA,
Ixiaceae,Asparagales,NA,
Ixiolirionaceae,Asparagales,NA,
Jalapaceae,Caryophyllales,NA,
Jamboliferaceae,Sapindales,NA,
Japonoliriaceae,Petrosaviales,NA,
Jasionaceae,Asterales,NA,
Jasminiaceae,Lamiales,NA,
Johnsoniaceae,Asparagales,NA,
Julianiaceae,Sapindales,NA,
Juniperaceae,Pinales,NA,
Jussiaeaceae,Myrtales,NA,
Justiciaceae,Lamiales,NA,
Kadsuraceae,Austrobaileyales,NA,
Kaliphoraceae,Solanales,NA,
Kalmiaceae,Ericales,NA,
Kaniaceae,Myrtales,NA,
Kasicarpaceae,fossilSarbaicarpales_near_Hamamelidales,NA,
Kiggelariaceae,Malpighiales,NA,
Kingdoniaceae,Ranunculales,NA,
Kingiaceae,unplacedCommelinid,NA,
Kirengeshomaceae,Cornales,NA,
Kobresiaceae,Poales,NA,
Koelreuteriaceae,Sapindales,NA,
Labiatae,Lamiales,NA,
Lacandoniaceae,Pandanales,NA,
Lachenaliaceae,Asparagales,NA,
Lactucaceae,Asterales,NA,
Lagerstroemiaceae,Myrtales,NA,
Lagoeciaceae,Apiales,NA,
Laguraceae,Poales,NA,
Lampsanaceae,Asterales,NA,
Langsdorffiaceae,Santalales,NA,
Lantanaceae,Lamiales,NA,
Lapageriaceae,Liliales,NA,
Lasiaceae,Alismatales,NA,
Lasiopetalaceae,Malvales,NA,
Lawsoniaceae,Myrtales,NA,
Laxmanniaceae,Asparagales,NA,
Ledaceae,Ericales,NA,
Ledocarpaceae,Geraniales,NA,
Leeaceae,Vitales,NA,
Legnotidaceae,Malpighiales,NA,
Leguminosae,Fabales,NA,
Leitneriaceae,Sapindales,NA,
Lemnaceae,Alismatales,NA,
Lennoaceae,Boraginales,NA,
Lentiscaceae,Sapindales,NA,
Leoniaceae,Malpighiales,NA,
Leonticaceae,Ranunculales,NA,
Lepidocarpaceae,Proteales,NA,
Lepidocaryaceae,Arecales,NA,
Lepidocerataceae,Santalales,NA,
Leptaulaceae,Aquifoliales,NA,
Leptospermaceae,Myrtales,NA,
Lepturaceae,Poales,NA,
Lepuropetalaceae,Celastrales,NA,
Leucojaceae,Asparagales,NA,
Leuctenbergiaceae,Caryophyllales,NA,
Libocedraceae,Pinales,NA,
Licaniaceae,Malpighiales,NA,
Ligustraceae,Lamiales,NA,
Lilaeaceae,Alismatales,NA,
Limnocharitaceae,Alismatales,NA,
Limodoraceae,Asparagales,NA,
Limoniaceae,Caryophyllales,NA,
Limosellaceae,Lamiales,NA,
Linariaceae,Lamiales,NA,
Lindenbergiaceae,Lamiales,NA,
Lindleyaceae,Rosales,NA,
Linnaeaceae,Dipsacales,NA,
Liparidaceae,Asparagales,NA,
Lippayaceae,Gentianales,NA,
Liriaceae,Liliales,NA,
Liriodendraceae,Magnoliales,NA,
Lissocarpaceae,Ericales,NA,
Littorellaceae,Lamiales,NA,
Lobeliaceae,Asterales,NA,
Loliaceae,Poales,NA,
Lomandraceae,Asparagales,NA,
Loniceraceae,Dipsacales,NA,
Lopeziaceae,Myrtales,NA,
Lophiolaceae,Dioscoreales,NA,
Lophiraceae,Malpighiales,NA,
Lophophytaceae,Santalales,NA,
Lotaceae,Fabales,NA,
Lupulaceae,Rosales,NA,
Luxemburgiaceae,Malpighiales,NA,
Luzuriagaceae,Liliales,NA,
Lychnidaceae,Caryophyllales,NA,
Lyciaceae,Solanales,NA,
Lyginiaceae,Poales,NA,
Lygodisodeaceae,Gentianales,NA,
Lysimachiaceae,Ericales,NA,
Macarisiaceae,Malpighiales,NA,
Mackinlayaceae,Apiales,NA,
Madiaceae,Asterales,NA,
Maesaceae,Ericales,NA,
Malaceae,Rosales,NA,
Malesherbiaceae,Malpighiales,NA,
Malortieaceae,Arecales,NA,
Mangiaceae,Malpighiales,NA,
Manicariaceae,Arecales,NA,
Mapaniaceae,Poales,NA,
Marathraceae,Malpighiales,NA,
Mastixiaceae,Cornales,NA,
Matricariaceae,Asterales,NA,
Maundiaceae,Alismatales,NA,
Mazacaceae,Lamiales,NA,
Medeolaceae,Liliales,NA,
Medusagynaceae,Malpighiales,NA,
Medusandraceae,Saxifragales,NA,
Melaleucaceae,Myrtales,NA,
Melampyraceae,Lamiales,NA,
Melanophyllaceae,Apiales,NA,
Melicaceae,Poales,NA,
Meliosmaceae,Sabiales,NA,
Melittidaceae,Lamiales,NA,
Melochiaceae,Malvales,NA,
Memecylaceae,Myrtales,NA,
Mendonciaceae,Lamiales,NA,
Menthaceae,Lamiales,NA,
Menzieziaceae,Ericales,NA,
Mercurialaceae,Malpighiales,NA,
Merenderaceae,Liliales,NA,
Mesembryaceae,Caryophyllales,NA,
Mesembryanthemaceae,Caryophyllales,NA,
Mespilaceae,Rosales,NA,
Metasequioaceae,Pinales,NA,
Meyeniaceae,Lamiales,NA,
Miconiaceae,Myrtales,NA,
Micrantheaceae,Malpighiales,NA,
Microbiotaceae,Pinales,NA,
Microcachrydaceae,Pinales,NA,
Microcycadaceae,Cycadales,NA,
Microstrobaceae,Pinales,NA,
Microteaceae,Caryophyllales,NA,
Miliaceae,Poales,NA,
Milulaceae,Asparagales,NA,
Mimosaceae,Fabales,NA,
Minuartiaceae,Caryophyllales,NA,
Mirabilidaceae,Caryophyllales,NA,
Miyoshiaceae,Petrosaviales,NA,
Modeccaceae,Malpighiales,NA,
Monardaceae,Lamiales,NA,
Monodoraceae,Magnoliales,NA,
Monotaceae,Malvales,NA,
Monotropaceae,Ericales,NA,
Monsteraceae,Alismatales,NA,
Moreniaceae,Arecales,NA,
Morinaceae,Dipsacales,NA,
Mouririaceae,Myrtales,NA,
Moutabeaceae,Fabales,NA,
Mutisiaceae,Asterales,NA,
Myoporaceae,Lamiales,NA,
Myriophyllaceae,Saxifragales,NA,
Myrobalanaceae,Myrtales,NA,
Myrrhiniaceae,Myrtales,NA,
Myrsinaceae,Ericales,NA,
Mystropetalaceae,Santalales,NA,
Nageiaceae,Pinales,NA,
Najadaceae,Alismatales,NA,
Nandinaceae,Ranunculales,NA,
Nanodeaceae,Santalales,NA,
Napoleonaeaceae,Ericales,NA,
Narcissaceae,Asparagales,NA,
Nardaceae,Poales,NA,
Nassauviaceae,Asterales,NA,
Naucleaceae,Gentianales,NA,
Nectaropetalaceae,Malpighiales,NA,
Neilliaceae,Rosales,NA,
Nelsoniaceae,Lamiales,NA,
Nemacladaceae,Asterales,NA,
Neocallitropsidaceae,Pinales,NA,
Neottiaceae,Asparagales,NA,
Nepetaceae,Lamiales,NA,
Nesogenaceae,Lamiales,NA,
Neuwiediaceae,Asparagales,NA,
Nhandirobaceae,Cucurbitales,NA,
Nicotianaceae,Solanales,NA,
Nigellaceae,Ranunculales,NA,
Nolanaceae,Solanales,NA,
Nolinaceae,Asparagales,NA,
Nonateliaceae,Gentianales,NA,
Nopaleaceae,Caryophyllales,NA,
Noranteaceae,Ericales,NA,
Nupharaceae,Nymphaeales,NA,
Nuytsiaceae,Santalales,NA,
Nyctanthaceae,Lamiales,NA,
Nypaceae,Arecales,NA,
Nyssaceae,Cornales,NA,
Obolariaceae,Gentianales,NA,
Ochranthaceae,Crossosomatales,NA,
Octoknemaceae,Santalales,NA,
Oenotheraceae,Myrtales,NA,
Oftiaceae,Lamiales,NA,
Oliniaceae,Myrtales,NA,
Olyraceae,Poales,NA,
Onosmaceae,Boraginales,NA,
Operculariaceae,Gentianales,NA,
Ophiopogonaceae,Asparagales,NA,
Ophioxylaceae,Gentianales,NA,
Ophiraceae,Cornales,NA,
Ophiuraceae,Poales,NA,
Ophrydaceae,Asparagales,NA,
Oporanthaceae,Asparagales,NA,
Opuntiaceae,Caryophyllales,NA,
Ornithogalaceae,Asparagales,NA,
Ornithrophaceae,Sapindales,NA,
Orontiaceae,Alismatales,NA,
Ortegaceae,Caryophyllales,NA,
Oryzaceae,Poales,NA,
Osyridaceae,Santalales,NA,
Oxycladaceae,Lamiales,NA,
Oxycoccaceae,Ericales,NA,
Oxystylidaceae,Brassicales,NA,
Pachysandraceae,Buxales,NA,
Pacouriaceae,Gentianales,NA,
Pagamaeaceae,Gentianales,NA,
Paivaeusaceae,Malpighiales,NA,
Palmae,Arecales,NA,
Pancratiaceae,Asparagales,NA,
Pangiaceae,Malpighiales,NA,
Panicaceae,Poales,NA,
Papayaceae,Brassicales,NA,
Papilionaceae,Fabales,NA,
Pappophoraceae,Poales,NA,
Papyraceae,Poales,NA,
Parasitaxaceae,Pinales,NA,
Parianaceae,Poales,NA,
Paridaceae,Liliales,NA,
Parnassiaceae,Celastrales,NA,
Paronychiaceae,Caryophyllales,NA,
Paropsiaceae,Malpighiales,NA,
Parrotiaceae,Saxifragales,NA,
Partheniaceae,Asterales,NA,
Paspalaceae,Poales,NA,
Pastinacaceae,Apiales,NA,
Paulliniaceae,Sapindales,NA,
Paviaceae,Sapindales,NA,
Pectiantiaceae,Saxifragales,NA,
Pedicularidaceae,Lamiales,NA,
Peganaceae,Sapindales,NA,
Peliosanthaceae,Asparagales,NA,
Pellicieraceae,Ericales,NA,
Pentapetaceae,Malvales,NA,
Pentastemonaceae,Pandanales,NA,
Peperomiaceae,Piperales,NA,
Peraceae,Malpighiales,NA,
Perdiciaceae,Asterales,NA,
Periplocaceae,Gentianales,NA,
Peripterygiaceae,Aquifoliales,NA,
Perseaceae,Laurales,NA,
Persicariaceae,Caryophyllales,NA,
Petenaeaceae,Huerteales,NA,
Petiveriaceae,Caryophyllales,NA,
Petreaceae,Lamiales,NA,
Phalaridaceae,Poales,NA,
Phaleriaceae,Malvales,NA,
Pharaceae,Poales,NA,
Pharnaceaceae,Caryophyllales,NA,
Phaseolaceae,Fabales,NA,
Phelypaeaceae,Lamiales,NA,
Pherosphaeraceae,Pinales,NA,
Philadelphaceae,Cornales,NA,
Philippodendraceae,Malvales,NA,
Philocrenaceae,Malpighiales,NA,
Philodendraceae,Alismatales,NA,
Phleaceae,Poales,NA,
Phoenicaceae,Arecales,NA,
Phoradendraceae,Santalales,NA,
Phormiaceae,Asparagales,NA,
Phylicaceae,Rosales,NA,
Phyllocladaceae,Pinales,NA,
Phytelephantaceae,Arecales,NA,
Phytocrenaceae,nearGarryales,NA,
Piceaceae,Pinales,NA,
Picridaceae,Asterales,NA,
Pilgerodendraceae,Pinales,NA,
Pilocarpaceae,Sapindales,NA,
Pimpinellaceae,Apiales,NA,
Pinguiculaceae,Lamiales,NA,
Piriquetaceae,Malpighiales,NA,
Pisoniaceae,Caryophyllales,NA,
Pistaciaceae,Sapindales,NA,
Pistiaceae,Alismatales,NA,
Plagianthaceae,Malvales,NA,
Plagiopteraceae,Celastrales,NA,
Platycaryaceae,Fagales,NA,
Platycladaceae,Pinales,NA,
Platyspermataceae,Asterales,NA,
Platystemonaceae,Ranunculales,NA,
Plectroniaceae,Myrtales,NA,
Pleurisanthaceae,nearGarryales,NA,
Plumeriaceae,Gentianales,NA,
Podoaceae,Sapindales,NA,
Podophyllaceae,Ranunculales,NA,
Poliothyrsidaceae,Malpighiales,NA,
Polpodaceae,Caryophyllales,NA,
Polycarpaeaceae,Caryophyllales,NA,
Polycnemaceae,Caryophyllales,NA,
Polygonanthaceae,Cucurbitales,NA,
Polygonataceae,Asparagales,NA,
Polyosmaceae,Escalloniales,NA,
Poranaceae,Solanales,NA,
Porantheraceae,Malpighiales,NA,
Portulacariaceae,Caryophyllales,NA,
Potaliaceae,Gentianales,NA,
Potentillaceae,Rosales,NA,
Poteriaceae,Rosales,NA,
Pothaceae,Alismatales,NA,
Pottingeriaceae,Celastrales,NA,
Prioniaceae,Poales,NA,
Prionotaceae,Ericales,NA,
Prockiaceae,Malpighiales,NA,
Prumnopityaceae,Pinales,NA,
Prunaceae,Rosales,NA,
Pseliaceae,Ranunculales,NA,
Pseudanthaceae,Malpighiales,NA,
Pseudophoenicaceae,Arecales,NA,
Psiloxylaceae,Myrtales,NA,
Psittacanthaceae,Santalales,NA,
Psychotriaceae,Gentianales,NA,
Psylliaceae,Lamiales,NA,
Ptaeroxylaceae,Sapindales,NA,
Pteleaceae,Sapindales,NA,
Pteleocarpaceae,Gentianales,NA,
Pteridophyllaceae,Ranunculales,NA,
Pterisanthaceae,Vitales,NA,
Pterostemonaceae,Saxifragales,NA,
Punicaceae,Myrtales,NA,
Pycnanthaceae,Orchidaceae,NA,
Pyraceae,Rosales,NA,
Pyrolaceae,Ericales,NA,
Quassiaceae,Sapindales,NA,
Quercaceae,Fagales,NA,
Quiinaceae,Malpighiales,NA,
Quintiniaceae,Paracryphiales,NA,
Ramondaceae,Lamiales,NA,
Randiaceae,Gentianales,NA,
Ranzaniaceae,Ranunculales,NA,
Raphanaceae,Brassicales,NA,
Reaumuriaceae,Caryophyllales,NA,
Rehmanniaceae,Lamiales,NA,
Retziaceae,Lamiales,NA,
Rhaptopetalaceae,Ericales,NA,
Rhexiaceae,Myrtales,NA,
Rhinanthaceae,Lamiales,NA,
Rhipogonaceae,Liliales,NA,
Rhoaceae,Sapindales,NA,
Rhodiolaceae,Saxifragales,NA,
Rhododendraceae,Ericales,NA,
Rhodolaenaceae,Malvales,NA,
Rhodoleiaceae,Saxifragales,NA,
Rhodoraceae,Ericales,NA,
Rhodotypaceae,Rosales,NA,
Rhoipteleaceae,Fagales,NA,
Rhopalocarpaceae,Malvales,NA,
Rhynchocalycaceae,Myrtales,NA,
Rhynchothecaceae,Geraniales,NA,
Ribesiaceae,Saxifragales,NA,
Ricinaceae,Malpighiales,NA,
Ricinocarpaceae,Malpighiales,NA,
Riviniaceae,Caryophyllales,NA,
Roxburghiaceae,Pandanales,NA,
Rumicaceae,Caryophyllales,NA,
Ruscaceae,Asparagales,NA,
Sabalaceae,Arecales,NA,
Sabiceaceae,Gentianales,NA,
Sabulinaceae,Caryophyllales,NA,
Saccharaceae,Poales,NA,
Saccifoliaceae,Gentianales,NA,
Sagaceae,Arecales,NA,
Saginaceae,Caryophyllales,NA,
Sagoneaceae,Solanales,NA,
Salaciaceae,Celastrales,NA,
Salaxidaceae,Ericales,NA,
Salazariaceae,Lamiales,NA,
Salicorniaceae,Caryophyllales,NA,
Salpiglossidaceae,Solanales,NA,
Salsolaceae,Caryophyllales,NA,
Salviaceae,Lamiales,NA,
Sambucaceae,Dipsacales,NA,
Samolaceae,Ericales,NA,
Samydaceae,Malpighiales,NA,
Sanguisorbaceae,Rosales,NA,
Saniculaceae,Apiales,NA,
Sansevieriaceae,Asparagales,NA,
Santolinaceae,Asterales,NA,
Sarbaicarpaceae,"fossilSarbaicarpales,??near""Hamamelidales""",NA,
Sarcocaceae,Caryophyllales,NA,
Sarcophytaceae,Santalales,NA,
Sarcospermataceae,Ericales,NA,
Sarcostigmataceae,nearGarryales,NA,
Sargentodoxaceae,Ranunculales,NA,
Saturejaceae,Lamiales,NA,
Saurauiaceae,Ericales,NA,
Sauvagesiaceae,Malpighiales,NA,
Saxegotheaceae,Pinales,NA,
Scabiosaceae,Dipsacales,NA,
Scaevolaceae,Asterales,NA,
Scandicaceae,Apiales,NA,
Scepaceae,Malpighiales,NA,
Schinaceae,Sapindales,NA,
Schizolaenaceae,Malvales,NA,
Schizopetalaceae,Brassicales,NA,
Schreberaceae,Lamiales,NA,
Scillaceae,Asparagales,NA,
Scirpaceae,Poales,NA,
Scleranthaceae,Caryophyllales,NA,
Scleriaceae,Poales,NA,
Sclerophylacaceae,Solanales,NA,
Scoliopaceae,Liliales,NA,
Scopariaceae,Lamiales,NA,
Scorodocarpaceae,Santalales,NA,
Scutellariaceae,Lamiales,NA,
Scybaliaceae,Santalales,NA,
Scyphostegiaceae,Malpighiales,NA,
Scytopetalaceae,Ericales,NA,
Sebestenaceae,Boraginales,NA,
Sedaceae,Saxifragales,NA,
Seguieriaceae,Caryophyllales,NA,
Selaginaceae,Lamiales,NA,
Selinaceae,Apiales,NA,
Sempervivaceae,Saxifragales,NA,
Senecionaceae,Asterales,NA,
Sequoiaceae,Pinales,NA,
Serratulaceae,Asterales,NA,
Sesamaceae,Lamiales,NA,
Sesleriaceae,Poales,NA,
Sesuviaceae,Caryophyllales,NA,
Sheadendraceae,Myrtales,NA,
Sibthorpiaceae,Lamiales,NA,
Sidaceae,Malvales,NA,
Silenaceae,Caryophyllales,NA,
Sileraceae,Apiales,NA,
Simabaceae,Sapindales,NA,
Sinofranchetiaceae,Ranunculales,NA,
Siphonanthaceae,Lamiales,NA,
Siphonodontaceae,Celastrales,NA,
Sisymbriaceae,Brassicales,NA,
Smeathmanniaceae,Malpighiales,NA,
Smyrniaceae,Apiales,NA,
Sonneratiaceae,Myrtales,NA,
Soramiaceae,Dilleniales,NA,
Sorbaceae,Rosales,NA,
Soulameaceae,Sapindales,NA,
Sparganiaceae,Poales,NA,
Sparmanniaceae,Malvales,NA,
Spartinaceae,Poales,NA,
Spatheliaceae,Sapindales,NA,
Spergulaceae,Caryophyllales,NA,
Spermacoceaceae,Gentianales,NA,
Sphenostemonaceae,Paracryphiales,NA,
Spigeliaceae,Gentianales,NA,
Spinaciaceae,Caryophyllales,NA,
Spiraeaceae,Rosales,NA,
Spiraeanthemaceae,Oxalidales,NA,
Spondiadaceae,Sapindales,NA,
Sporobolaceae,Poales,NA,
Stachydaceae,Lamiales,NA,
Stackhousiaceae,Celastrales,NA,
Stangeriaceae,Cycadales,NA,
Stanleyaceae,Brassicales,NA,
Stapeliaceae,Gentianales,NA,
Staticaceae,Caryophyllales,NA,
Stellariaceae,Caryophyllales,NA,
Stenomeridaceae,Dioscoreales,NA,
Sterculiaceae,Malvales,NA,
Stilaginaceae,Malpighiales,NA,
Stipaceae,Poales,NA,
Stixaceae,"nearResedaceae,Brassicales",NA,
Stratiotaceae,Alismatales,NA,
Streptochaetaceae,Poales,NA,
Strombosiaceae,Santalales,NA,
Strumariaceae,Asparagales,NA,
Strychnaceae,Gentianales,NA,
Stylobasiaceae,Fabales,NA,
Stylocerataceae,Buxales,NA,
Stypheliaceae,Ericales,NA,
Swartziaceae,Fabales,NA,
Swieteniaceae,Sapindales,NA,
Symphoremataceae,Lamiales,NA,
Synechanthaceae,Arecales,NA,
Syringaceae,Lamiales,NA,
Taccaceae,Dioscoreales,NA,
Taiwaniaceae,Pinales,NA,
Taktajaniaceae,Canellales,NA,
Tamaceae,Dioscoreales,NA,
Tamarindaceae,Fabales,NA,
Tamnaceae,Dioscoreales,NA,
Tanacetaceae,Asterales,NA,
Telephiaceae,Caryophyllales,NA,
Tepuianthaceae,Malvales,NA,
Terminaliaceae,Myrtales,NA,
Ternstroemiaceae,Ericales,NA,
Tetracentraceae,Trochodendrales,NA,
Tetraclinaceae,Pinales,NA,
Tetradiclidaceae,Sapindales,NA,
Tetragoniaceae,Caryophyllales,NA,
Tetrastylidiaceae,Santalales,NA,
Tetrathecaceae,Oxalidales,NA,
Thalassiaceae,Alismatales,NA,
Thalictraceae,Ranunculales,NA,
Theligonaceae,Gentianales,NA,
Themidaceae,Asparagales,NA,
Theobromataceae,Malvales,NA,
Theophrastaceae,Ericales,NA,
Thesiaceae,Santalales,NA,
Thismiaceae,Dioscoreales,NA,
Thlaspiaceae,Brassicales,NA,
Thoaceae,Gnetales,NA,
Thujaceae,Pinales,NA,
Thujopsidaceae,Pinales,NA,
Thunbergiaceae,Lamiales,NA,
Tiliaceae,Malvales,NA,
Tillaeaceae,Saxifragales,NA,
Tillandsiaceae,Poales,NA,
Tinaceae,Dipsacales,NA,
Tithymalaceae,Malpighiales,NA,
Tormentillaceae,Rosales,NA,
Torreyaceae,Pinales,NA,
Tradescantiaceae,Commelinales,NA,
Tragiaceae,Malpighiales,NA,
Trapaceae,Myrtales,NA,
Trapellaceae,Lamiales,NA,
Tremandraceae,Oxalidales,NA,
Trewiaceae,Malpighiales,NA,
Tribelaceae,Escalloniales,NA,
Tribulaceae,Zygophyllales,NA,
Trichopodaceae,Dioscoreales,NA,
Tricyrtidaceae,Liliales,NA,
Trifoliaceae,Fabales,NA,
Triglochinaceae,Alismatales,NA,
Trilliaceae,Liliales,NA,
Triplobaceae,Malvales,NA,
Triplochitonaceae,Malvales,NA,
Triplostegiaceae,Dipsacales,NA,
Tristichaceae,Malpighiales,NA,
Triticaceae,Poales,NA,
Tulbaghiaceae,Asparagales,NA,
Tulipaceae,Liliales,NA,
Tumboaceae,Gnetales,NA,
Tupistraceae,Asparagales,NA,
Turneraceae,Malpighiales,NA,
Tussilagaceae,Asterales,NA,
Uapacaceae,Malpighiales,NA,
Ullucaceae,Caryophyllales,NA,
Ulmariaceae,Rosales,NA,
Umbelliferae,Apiales,NA,
Unisemataceae,Commelinales,NA,
Utriculariaceae,Lamiales,NA,
Uvulariaceae,Liliales,NA,
Vacciniaceae,Ericales,NA,
Valerianaceae,Dipsacales,NA,
Vallisneriaceae,Alismatales,NA,
Vanillaceae,Asparagales,NA,
Veratraceae,Liliales,NA,
Verbascaceae,Lamiales,NA,
Vernicaceae,Sapindales,NA,
Vernoniaceae,Asterales,NA,
Veronicaceae,Lamiales,NA,
Viburnaceae,Dipsacales,NA,
Viciaceae,Fabales,NA,
Vincaceae,Gentianales,NA,
Viscaceae,Santalales,NA,
Viticaceae,Lamiales,NA,
Wachendorfiaceae,Commelinales,NA,
Walleriaceae,Asparagales,NA,
Wellingtoniaceae,Sabiales,NA,
Wellstediaceae,Boraginales,NA,
Widdringtoniaceae,Pinales,NA,
Willughbieaceae,Gentianales,NA,
Wolffiaceae,Alismatales,NA,
Xanthiaceae,Asterales,NA,
Xanthoceraceae,Sapindales,NA,
Xanthophyllaceae,Fabales,NA,
Xeranthemaceae,Asterales,NA,
Xerophyllaceae,Liliales,NA,
Ximeniaceae,Santalales,NA,
Xiphidiaceae,Commelinales,NA,
Yuccaceae,Asparagales,NA,
Zannichelliaceae,Alismatales,NA,
Zanoniaceae,Cucurbitales,NA,
Zanthoxylaceae,Sapindales,NA,
Zeaceae,Poales,NA,
Zephyranthaceae,Asparagales,NA,
Ziziphaceae,Rosales,NA,
Zoysiaceae,Poales,NA,
Anemiaceae,Schizaeales,fern_15,Ferns and lycophytes
Aspleniaceae,Polypodiales,fern_33,Ferns and lycophytes
Athyriaceae,Polypodiales,fern_40,Ferns and lycophytes
Blechnaceae,Polypodiales,fern_39,Ferns and lycophytes
Cibotiaceae,Cyatheales,fern_22,Ferns and lycophytes
Culcitaceae,Cyatheales,fern_20,Ferns and lycophytes
Cyatheaceae,Cyatheales,fern_23,Ferns and lycophytes
Cystodiaceae,Polypodiales,fern_28,Ferns and lycophytes
Cystopteridaceae,Polypodiales,fern_32,Ferns and lycophytes
Davalliaceae,Polypodiales,fern_47,Ferns and lycophytes
Dennstaedtiaceae,Polypodiales,fern_30,Ferns and lycophytes
Dicksoniaceae,Cyatheales,fern_24,Ferns and lycophytes
Diplaziopsidaceae,Polypodiales,fern_34,Ferns and lycophytes
Dipteridaceae,Gleicheniales,fern_11,Ferns and lycophytes
Dryopteridaceae,Polypodiales,fern_42,Ferns and lycophytes
Equisetaceae,Equisetales,fern_04,Ferns and lycophytes
Gleicheniaceae,Gleicheniales,fern_10,Ferns and lycophytes
Hymenophyllaceae,Hymenophyllales,fern_09,Ferns and lycophytes
Hypodematiaceae,Polypodiales,fern_41,Ferns and lycophytes
Isotaceae,Isotales,fern_02,Ferns and lycophytes
Lindsaeaceae,Polypodiales,fern_29,Ferns and lycophytes
Lomariopsidaceae,Polypodiales,fern_43,Ferns and lycophytes
Lonchitidaceae,Polypodiales,fern_26,Ferns and lycophytes
Loxsomataceae,Cyatheales,fern_19,Ferns and lycophytes
Lycopodiaceae,Lycopodiales,fern_01,Ferns and lycophytes
Lygodiaceae,Schizaeales,fern_13,Ferns and lycophytes
Marattiaceae,Marattiales,fern_07,Ferns and lycophytes
Marsileaceae,Salviniales,fern_16,Ferns and lycophytes
Matoniaceae,Gleicheniales,fern_12,Ferns and lycophytes
Metaxyaceae,Cyatheales,fern_25,Ferns and lycophytes
Nephrolepidaceae,Polypodiales,fern_44,Ferns and lycophytes
Oleandraceae,Polypodiales,fern_46,Ferns and lycophytes
Onocleaceae,Polypodiales,fern_38,Ferns and lycophytes
Ophioglossaceae,Ophioglossales,fern_05,Ferns and lycophytes
Osmundaceae,Osmundales,fern_08,Ferns and lycophytes
Plagiogyriaceae,Cyatheales,fern_21,Ferns and lycophytes
Polypodiaceae,Polypodiales,fern_48,Ferns and lycophytes
Psilotaceae,Psilotales,fern_06,Ferns and lycophytes
Pteridaceae,Polypodiales,fern_31,Ferns and lycophytes
Rhachidosoraceae,Polypodiales,fern_37,Ferns and lycophytes
Saccolomataceae,Polypodiales,fern_27,Ferns and lycophytes
Salviniaceae,Salviniales,fern_17,Ferns and lycophytes
Schizaeaceae,Schizaeales,fern_14,Ferns and lycophytes
Selaginellaceae, Selaginellales,fern_03,Ferns and lycophytes
Tectariaceae,Polypodiales,fern_45,Ferns and lycophytes
Thelypteridaceae,Polypodiales,fern_35,Ferns and lycophytes
Thyrsopteridaceae,Cyatheales,fern_18,Ferns and lycophytes
Woodsiaceae,Polypodiales,fern_36,Ferns and lycophytes
Araucariaceae,Araucariales,Gymnosperm_08,Gymnosperms
Cupressaceae,Cupressales,Gymnosperm_11,Gymnosperms
Cycadaceae,Cycadales,Gymnosperm_01,Gymnosperms
Ephedraceae,Ephedrales,Gymnosperm_06,Gymnosperms
Ginkgoaceae,Ginkgoales,Gymnosperm_03,Gymnosperms
Gnetaceae,Gnetales,Gymnosperm_05,Gymnosperms
Pinaceae,Pinales,Gymnosperm_07,Gymnosperms
Podocarpaceae,Araucariales,Gymnosperm_09,Gymnosperms
Sciadopityaceae,Cupressales,Gymnosperm_10,Gymnosperms
Taxaceae,Cupressales,Gymnosperm_12,Gymnosperms
Welwitschiaceae,Welwitschiales,Gymnosperm_04,Gymnosperms
Zamiaceae,Cycadales,Gymnosperm_02,Gymnosperms
